{
    "name": "Additional_Earlygame_Inventory_Research",
    "version": "1.0.0",
    "title": "Additional Earlygame Inventory Research",
    "author": "M.Cocko",
    "contact": "https://forums.factorio.com/memberlist.php?mode=viewprofile&u=32617",
    "homepage": "",
    "factorio_version": "1.1",
    "dependencies": ["base >= 1.1"],
    "description": "This mod adds 3 additional tiers (each expanding inventory by +10) to the Toolbelt research for even more inventory expansion in the early game."
}